{
  "0.0": {
    "precision": 0.7894736842105263,
    "recall": 0.75,
    "f1-score": 0.7692307692307693,
    "support": 100.0
  },
  "1.0": {
    "precision": 0.576271186440678,
    "recall": 0.6296296296296297,
    "f1-score": 0.6017699115044248,
    "support": 54.0
  },
  "accuracy": 0.7077922077922078,
  "macro avg": {
    "precision": 0.6828724353256022,
    "recall": 0.6898148148148149,
    "f1-score": 0.685500340367597,
    "support": 154.0
  },
  "weighted avg": {
    "precision": 0.7147143668107093,
    "recall": 0.7077922077922078,
    "f1-score": 0.7105107282098433,
    "support": 154.0
  }
}